<?xml version="1.0" encoding="UTF-8"?>
<metadata xml:lang="pt"><Esri><CreaDate>20130926</CreaDate><CreaTime>14382600</CreaTime><ArcGISFormat>1.0</ArcGISFormat><ArcGISstyle>XTools Pro Metadata</ArcGISstyle><SyncOnce>TRUE</SyncOnce><DataProperties><lineage><Process ToolSource="C:\Program Files (x86)\ArcGIS\Desktop10.0\ArcToolbox\Toolboxes\Data Management Tools.tbx\CalculateField" Date="20130926" Time="135954">CalculateField Limite_Municipal_ES_2013 geocodigo [COD_IBGE] VB #</Process><Process ToolSource="C:\Program Files (x86)\ArcGIS\Desktop10.0\ArcToolbox\Toolboxes\Data Management Tools.tbx\CalculateField" Date="20130926" Time="140029">CalculateField Limite_Municipal_ES_2013 nome_1 [NOME] VB #</Process><Process ToolSource="C:\Program Files (x86)\ArcGIS\Desktop10.0\ArcToolbox\Toolboxes\Data Management Tools.tbx\CalculateField" Date="20130926" Time="140101">CalculateField Limite_Municipal_ES_2013 nome [nome_1] VB #</Process><Process ToolSource="C:\Program Files (x86)\ArcGIS\Desktop10.0\ArcToolbox\Toolboxes\Data Management Tools.tbx\CalculateField" Date="20130926" Time="140252">CalculateField Limite_Municipal_ES_2013 microEst_1 [MICROESTAD] VB #</Process><Process ToolSource="C:\Program Files (x86)\ArcGIS\Desktop10.0\ArcToolbox\Toolboxes\Data Management Tools.tbx\CalculateField" Date="20130926" Time="140258">CalculateField Limite_Municipal_ES_2013 macroEst_1 [MACROESTAD] VB #</Process><Process ToolSource="C:\Program Files (x86)\ArcGIS\Desktop10.0\ArcToolbox\Toolboxes\Data Management Tools.tbx\CalculateField" Date="20130926" Time="140354">CalculateField Limite_Municipal_ES_2013 microEstad [microEst_1] VB #</Process><Process ToolSource="C:\Program Files (x86)\ArcGIS\Desktop10.0\ArcToolbox\Toolboxes\Data Management Tools.tbx\CalculateField" Date="20130926" Time="140405">CalculateField Limite_Municipal_ES_2013 macroEstad [macroEst_1] VB #</Process><Process ToolSource="C:\Program Files (x86)\ArcGIS\Desktop10.0\ArcToolbox\Toolboxes\Data Management Tools.tbx\CalculateField" Date="20130926" Time="141257">CalculateField Limite_Municipal_ES_2013 anoReferen "Julho de 2010" VB #</Process><Process ToolSource="C:\Program Files (x86)\ArcGIS\Desktop10.0\ArcToolbox\Toolboxes\Data Management Tools.tbx\CalculateField" Date="20130926" Time="141339">CalculateField Limite_Municipal_ES_2013 origem_1 [ORIGEM] VB #</Process><Process ToolSource="C:\Program Files (x86)\ArcGIS\Desktop10.0\ArcToolbox\Toolboxes\Data Management Tools.tbx\CalculateField" Date="20130926" Time="141350">CalculateField Limite_Municipal_ES_2013 ORIGEM [ORIGEM] VB #</Process><Process ToolSource="C:\Program Files (x86)\ArcGIS\Desktop10.0\ArcToolbox\Toolboxes\Data Management Tools.tbx\CalculateField" Date="20130926" Time="141430">CalculateField Limite_Municipal_ES_2013 origem [origem_1] VB #</Process><Process ToolSource="C:\Program Files (x86)\ArcGIS\Desktop10.0\ArcToolbox\Toolboxes\Data Management Tools.tbx\CalculateField" Date="20130926" Time="143539">CalculateField Limite_Municipal_ES_2013 fonte "IDAF/DTCAR" VB #</Process></lineage></DataProperties></Esri></metadata>
